<?xml version="1.0" encoding="UTF-8" ?>
<!DOCTYPE mapper PUBLIC "-//mybatis.org//DTD Mapper 3.0//EN" "http://mybatis.org/dtd/mybatis-3-mapper.dtd" >
<mapper namespace="UserPrizeLog" >
  <resultMap id="BaseResultMap" type="com.zc.entity.UserPrizeLog" >
    <id column="id" property="id" jdbcType="CHAR" />
    <result column="template_id" property="templateId" jdbcType="VARCHAR" />
    <result column="media_owner_id" property="mediaOwnerId" jdbcType="VARCHAR" />
    <result column="channel_id" property="channelId" jdbcType="VARCHAR" />
    <result column="user_cookie_id" property="userCookieId" jdbcType="VARCHAR" />
    <result column="user_open_id" property="userOpenId" jdbcType="VARCHAR" />
    <result column="user_finger_id" property="userFingerId" jdbcType="VARCHAR" />
    <result column="type" property="type" jdbcType="VARCHAR" />
    <result column="creative_id" property="creativeId" jdbcType="VARCHAR" />
    <result column="prize_id" property="prizeId" jdbcType="VARCHAR" />
    <result column="price" property="price" jdbcType="VARCHAR" />
    <result column="duration" property="duration" jdbcType="VARCHAR" />
    <result column="create_time" property="createTime" jdbcType="VARCHAR" />
      <result column="advertiser_id" property="advertiserId" jdbcType="VARCHAR" />
  </resultMap>

    <sql id="Base_Column_List" >
    id  , template_id , media_owner_id , channel_id , user_cookie_id , user_open_id , user_finger_id , type , creative_id
 , prize_id , price , duration , create_time , advertiser_id
  </sql>

    <select id="selectByWhere" resultMap="BaseResultMap"  >
        select
        <include refid="Base_Column_List" />
        from user_prize_log
        <where >
            <include refid="where_Column_List" />
        </where>
        <if test="orderProperty != null and orderDirection != null " >
            ORDER BY ${orderProperty} ${orderDirection}
        </if>
        <if test="pageStart != null and pageLimit != null " >
            limit #{pageStart},#{pageLimit}
        </if>
    </select>

    <select id="selectByWhereCount" resultType="java.lang.Long" >
        select count(*) from user_prize_log
        <where >
            <include refid="where_Column_List" />
        </where>
    </select>

    <select id="selectByPrimaryKey" resultMap="BaseResultMap" parameterType="java.lang.String" >
        select
        <include refid="Base_Column_List" />
        from user_prize_log
        where id = #{id}
    </select>

    <delete id="deleteByPrimaryKey" parameterType="java.lang.String" >
        delete from user_prize_log
        where id = #{id,jdbcType=CHAR}
    </delete>

    <insert id="insert" parameterType="com.zc.entity.UserPrizeLog" >
        insert into user_prize_log (id
        , template_id , media_owner_id , channel_id , user_cookie_id , user_open_id , user_finger_id , type , creative_id
        , prize_id , price , duration , create_time , advertiser_id
        )
        values (#{id},
        , #{templateId} , #{mediaOwnerId} , #{channelId} , #{userCookieId} , #{userOpenId} , #{userFingerId}
        , #{type} , #{creativeId} , #{prizeId} , #{price} , #{duration} , #{createTime} , #{advertiserId}
        )
    </insert>

    <insert id="insertSelective" parameterType="com.zc.entity.UserPrizeLog" >
        insert into user_prize_log
        <trim prefix="(" suffix=")" suffixOverrides="," >
            <if test="id != null" >
                id,
            </if>
            <if test="templateId != null" >
                template_id,
            </if>
            <if test="mediaOwnerId != null" >
                media_owner_id,
            </if>
            <if test="channelId != null" >
                channel_id,
            </if>
            <if test="userCookieId != null" >
                user_cookie_id,
            </if>
            <if test="userOpenId != null" >
                user_open_id,
            </if>
            <if test="userFingerId != null" >
                user_finger_id,
            </if>
            <if test="type != null" >
                type,
            </if>
            <if test="creativeId != null" >
                creative_id,
            </if>
            <if test="prizeId != null" >
                prize_id,
            </if>
            <if test="price != null" >
                price,
            </if>
            <if test="duration != null" >
                duration,
            </if>
            <if test="createTime != null" >
                create_time,
            </if>
            <if test="advertiserId != null" >
                advertiser_id,
            </if>

        </trim>
        <trim prefix="values (" suffix=")" suffixOverrides="," >
            <if test="id != null" >
                #{id},
            </if>
            <if test="templateId != null" >
                #{templateId},
            </if>
            <if test="mediaOwnerId != null" >
                #{mediaOwnerId},
            </if>
            <if test="channelId != null" >
                #{channelId},
            </if>
            <if test="userCookieId != null" >
                #{userCookieId},
            </if>
            <if test="userOpenId != null" >
                #{userOpenId},
            </if>
            <if test="userFingerId != null" >
                #{userFingerId},
            </if>
            <if test="type != null" >
                #{type},
            </if>
            <if test="creativeId != null" >
                #{creativeId},
            </if>
            <if test="prizeId != null" >
                #{prizeId},
            </if>
            <if test="price != null" >
                #{price},
            </if>
            <if test="duration != null" >
                #{duration},
            </if>
            <if test="createTime != null" >
                #{createTime},
            </if>
            <if test="advertiserId != null" >
                #{advertiserId},
            </if>

        </trim>
    </insert>

    <update id="updateByPrimaryKeySelective" parameterType="com.zc.entity.UserPrizeLog" >
        update user_prize_log
        <set>
            <if test="templateId != null" >
                template_id = #{templateId},
            </if>
            <if test="mediaOwnerId != null" >
                media_owner_id = #{mediaOwnerId},
            </if>
            <if test="channelId != null" >
                channel_id = #{channelId},
            </if>
            <if test="userCookieId != null" >
                user_cookie_id = #{userCookieId},
            </if>
            <if test="userOpenId != null" >
                user_open_id = #{userOpenId},
            </if>
            <if test="userFingerId != null" >
                user_finger_id = #{userFingerId},
            </if>
            <if test="type != null" >
                type = #{type},
            </if>
            <if test="creativeId != null" >
                creative_id = #{creativeId},
            </if>
            <if test="prizeId != null" >
                prize_id = #{prizeId},
            </if>
            <if test="price != null" >
                price = #{price},
            </if>
            <if test="duration != null" >
                duration = #{duration},
            </if>
            <if test="createTime != null" >
                create_time = #{createTime},
            </if>
            <if test="advertiserId != null" >
                advertiser_id = #{advertiserId},
            </if>

        </set>
        where id = #{id}
    </update>

    <sql id="where_Column_List" >
        <if test="templateId != null" >
            AND template_id = #{templateId}
        </if>
        <if test="mediaOwnerId != null" >
            AND media_owner_id = #{mediaOwnerId}
        </if>
        <if test="channelId != null" >
            AND channel_id = #{channelId}
        </if>
        <if test="userCookieId != null" >
            AND user_cookie_id = #{userCookieId}
        </if>
        <if test="userOpenId != null" >
            AND user_open_id = #{userOpenId}
        </if>
        <if test="userFingerId != null" >
            AND user_finger_id = #{userFingerId}
        </if>
        <if test="type != null" >
            AND type = #{type}
        </if>
        <if test="creativeId != null" >
            AND creative_id = #{creativeId}
        </if>
        <if test="prizeId != null" >
            AND prize_id = #{prizeId}
        </if>
        <if test="price != null" >
            AND price = #{price}
        </if>
        <if test="duration != null" >
            AND duration = #{duration}
        </if>
        <if test="createTime != null" >
            AND create_time = #{createTime}
        </if>
        <if test="advertiserId != null" >
            AND advertiser_id = #{advertiserId}
        </if>
        <if test="idList != null" >
            AND id in
            <foreach collection="idList" index="index" item="item" open="(" separator="," close=")">
                #{item}
            </foreach>
        </if>
        <if test="templateIdList != null" >
            AND template_id in
            <foreach collection="templateIdList" index="index" item="item" open="(" separator="," close=")">
                #{item}
            </foreach>
        </if>
        <if test="mediaOwnerIdList != null" >
            AND media_owner_id in
            <foreach collection="mediaOwnerIdList" index="index" item="item" open="(" separator="," close=")">
                #{item}
            </foreach>
        </if>
        <if test="channelIdList != null" >
            AND channel_id in
            <foreach collection="channelIdList" index="index" item="item" open="(" separator="," close=")">
                #{item}
            </foreach>
        </if>
        <if test="userCookieIdList != null" >
            AND user_cookie_id in
            <foreach collection="userCookieIdList" index="index" item="item" open="(" separator="," close=")">
                #{item}
            </foreach>
        </if>
        <if test="userOpenIdList != null" >
            AND user_open_id in
            <foreach collection="userOpenIdList" index="index" item="item" open="(" separator="," close=")">
                #{item}
            </foreach>
        </if>
        <if test="userFingerIdList != null" >
            AND user_finger_id in
            <foreach collection="userFingerIdList" index="index" item="item" open="(" separator="," close=")">
                #{item}
            </foreach>
        </if>
        <if test="typeList != null" >
            AND type in
            <foreach collection="typeList" index="index" item="item" open="(" separator="," close=")">
                #{item}
            </foreach>
        </if>
        <if test="creativeIdList != null" >
            AND creative_id in
            <foreach collection="creativeIdList" index="index" item="item" open="(" separator="," close=")">
                #{item}
            </foreach>
        </if>
        <if test="prizeIdList != null" >
            AND prize_id in
            <foreach collection="prizeIdList" index="index" item="item" open="(" separator="," close=")">
                #{item}
            </foreach>
        </if>
        <if test="priceList != null" >
            AND price in
            <foreach collection="priceList" index="index" item="item" open="(" separator="," close=")">
                #{item}
            </foreach>
        </if>
        <if test="durationList != null" >
            AND duration in
            <foreach collection="durationList" index="index" item="item" open="(" separator="," close=")">
                #{item}
            </foreach>
        </if>
        <if test="createTimeList != null" >
            AND create_time in
            <foreach collection="createTimeList" index="index" item="item" open="(" separator="," close=")">
                #{item}
            </foreach>
        </if>
        <if test="advertiserIdList != null" >
            AND advertiser_id in
            <foreach collection="advertiserIdList" index="index" item="item" open="(" separator="," close=")">
                #{item}
            </foreach>
        </if>
        <if test="templateIdLike != null" >
            AND template_id like #{templateIdLike}
        </if>
        <if test="mediaOwnerIdLike != null" >
            AND media_owner_id like #{mediaOwnerIdLike}
        </if>
        <if test="channelIdLike != null" >
            AND channel_id like #{channelIdLike}
        </if>
        <if test="userCookieIdLike != null" >
            AND user_cookie_id like #{userCookieIdLike}
        </if>
        <if test="userOpenIdLike != null" >
            AND user_open_id like #{userOpenIdLike}
        </if>
        <if test="userFingerIdLike != null" >
            AND user_finger_id like #{userFingerIdLike}
        </if>
        <if test="typeLike != null" >
            AND type like #{typeLike}
        </if>
        <if test="creativeIdLike != null" >
            AND creative_id like #{creativeIdLike}
        </if>
        <if test="prizeIdLike != null" >
            AND prize_id like #{prizeIdLike}
        </if>
        <if test="priceLike != null" >
            AND price like #{priceLike}
        </if>
        <if test="durationLike != null" >
            AND duration like #{durationLike}
        </if>
        <if test="createTimeLike != null" >
            AND create_time like #{createTimeLike}
        </if>
        <if test="advertiserIdLike != null" >
            AND advertiser_id like #{advertiserIdLike}
        </if>
        <if test="fullTextSearchValue != null" >
            AND (
            template_id like #{fullTextSearchValue}
            or media_owner_id like #{fullTextSearchValue}
            or channel_id like #{fullTextSearchValue}
            or user_cookie_id like #{fullTextSearchValue}
            or user_open_id like #{fullTextSearchValue}
            or user_finger_id like #{fullTextSearchValue}
            or type like #{fullTextSearchValue}
            or creative_id like #{fullTextSearchValue}
            or prize_id like #{fullTextSearchValue}
            or price like #{fullTextSearchValue}
            or duration like #{fullTextSearchValue}
            or create_time like #{fullTextSearchValue}
            or advertiser_id like #{fullTextSearchValue}
            )
        </if>

    </sql>
</mapper>