<?xml version="1.0" encoding="UTF-8"?>
<beans xmlns="http://www.springframework.org/schema/beans"
       xmlns:xsi="http://www.w3.org/2001/XMLSchema-instance"
       xmlns:context="http://www.springframework.org/schema/context"
       xmlns:tx="http://www.springframework.org/schema/tx"
       xsi:schemaLocation="http://www.springframework.org/schema/beans
	http://www.springframework.org/schema/beans/spring-beans-4.3.xsd
	http://www.springframework.org/schema/context
	http://www.springframework.org/schema/context/spring-context-4.3.xsd
    http://www.springframework.org/schema/tx
	http://www.springframework.org/schema/tx/spring-tx-4.3.xsd">

    <context:component-scan base-package="com.zc" use-default-filters="false">
        <!-- 扫描符合@Service @Repository的类 -->
        <context:include-filter type="annotation" expression="org.springframework.stereotype.Service" />
        <context:include-filter type="annotation" expression="org.springframework.stereotype.Repository" />
        <context:include-filter type="annotation" expression="org.springframework.stereotype.Component" />
        <context:exclude-filter type="annotation" expression="org.springframework.stereotype.Controller" />
    </context:component-scan>
    <context:property-placeholder location="classpath*:/config.txt"
                                  ignore-resource-not-found="true"
                                  ignore-unresolvable="true"/>

   <!-- <bean id="dataSourceDcp" destroy-method="close"
          class="org.apache.commons.dbcp.BasicDataSource">
        <property name="driverClassName" value="${DriverForName}"/>
        <property name="url"
                  value="${DBurl}"/>
        <property name="username" value="${DBuserName}"/>
        <property name="password" value="${DBpassword}"/>
        <property name="maxIdle" value="20"/>
        <property name="minIdle" value="5"/>
        <property name="maxActive" value="100"/>
        <property name="maxWait" value="100000"/>
    </bean>-->
    <!-- 阿里 druid 数据库连接池 -->
    <bean id = "dataSource" class = "com.alibaba.druid.pool.DruidDataSource" destroy-method = "close" >
        <!-- 数据库基本信息配置 -->
        <property name = "driverClassName" value = "${DriverForName}" />
        <property name = "url" value = "${DBurl}" />
        <property name = "username" value = "${DBuserName}" />
        <property name = "password" value = "${DBpassword}" />

        <property name = "filters" value = "${filters}" />
        <!-- 最大并发连接数 -->
        <property name = "maxActive" value = "${maxActive}" />
        <!-- 初始化连接数量 -->
        <property name = "initialSize" value = "${initialSize}" />
        <!-- 配置获取连接等待超时的时间 -->
        <property name = "maxWait" value = "${maxWait}" />
        <!-- 最小空闲连接数 -->
        <property name = "minIdle" value = "${minIdle}" />
        <!-- 配置间隔多久才进行一次检测，检测需要关闭的空闲连接，单位是毫秒 -->
        <property name = "timeBetweenEvictionRunsMillis" value ="${timeBetweenEvictionRunsMillis}" />
        <!-- 配置一个连接在池中最小生存的时间，单位是毫秒 -->
        <property name = "minEvictableIdleTimeMillis" value ="${minEvictableIdleTimeMillis}" />
        <property name = "validationQuery" value = "${validationQuery}" />
        <property name = "testWhileIdle" value = "${testWhileIdle}" />
        <property name = "testOnBorrow" value = "${testOnBorrow}" />
        <property name = "testOnReturn" value = "${testOnReturn}" />
        <property name = "maxOpenPreparedStatements" value ="${maxOpenPreparedStatements}" />
        <!-- 打开 removeAbandoned 功能 -->
        <property name = "removeAbandoned" value = "${removeAbandoned}" />
        <!-- 1800 秒，也就是 30 分钟 -->
        <property name = "removeAbandonedTimeout" value ="${removeAbandonedTimeout}" />
        <!-- 关闭 abanded 连接时输出错误日志 -->
        <property name = "logAbandoned" value = "${logAbandoned}" />
    </bean>
    <bean id="sqlSessionFactory" class="org.mybatis.spring.SqlSessionFactoryBean">
        <property name="configLocation" value="classpath:mybatis.xml"/>
        <property name="mapperLocations" value="classpath:com/zc/mapper/*.xml"/>
        <property name="dataSource" ref="dataSource"/>
    </bean>

    <bean id="sqlSessionTemplate" class="org.mybatis.spring.SqlSessionTemplate">
        <constructor-arg index="0" ref="sqlSessionFactory"/>
    </bean>
    <context:annotation-config></context:annotation-config>


    <bean id="defaultTransactionManager"
          class="org.springframework.jdbc.datasource.DataSourceTransactionManager">
        <property name="dataSource" ref="dataSource"/>
        <property name="rollbackOnCommitFailure" value="true"/>
    </bean>

    <tx:annotation-driven transaction-manager="defaultTransactionManager"
                          proxy-target-class="false"/>

</beans>