<?xml version="1.0" encoding="UTF-8"?>
<beans xmlns="http://www.springframework.org/schema/beans"
       xmlns:xsi="http://www.w3.org/2001/XMLSchema-instance"
       xmlns:context="http://www.springframework.org/schema/context"
       xmlns:mvc="http://www.springframework.org/schema/mvc" xmlns:task="http://www.springframework.org/schema/task"
       xsi:schemaLocation="http://www.springframework.org/schema/beans   
    http://www.springframework.org/schema/beans/spring-beans-4.0.xsd  
    http://www.springframework.org/schema/context  
    http://www.springframework.org/schema/context/spring-context-4.0.xsd  
    http://www.springframework.org/schema/mvc  
    http://www.springframework.org/schema/mvc/spring-mvc-4.0.xsd http://www.springframework.org/schema/task http://www.springframework.org/schema/task/spring-task.xsd">
    <mvc:interceptors>
        <mvc:interceptor>
            <mvc:mapping path="/**"/>
            <mvc:exclude-mapping path="/static/**"/>
            <bean class="com.zc.util.BaseInterceptor"></bean>
        </mvc:interceptor>
    </mvc:interceptors>


	<!-- 视图解析 -->
	<bean id="viewResolver"
		class="org.springframework.web.servlet.view.InternalResourceViewResolver">
		<property name="prefix" value="/WEB-INF/jsps/" />
		<property name="suffix" value=".jsp" />
	</bean>
	 <bean id="multipartResolver" class="org.springframework.web.multipart.commons.CommonsMultipartResolver">

        <property name="defaultEncoding" value="utf-8" />

        <property name="maxUploadSize" value="2000000000"/>

        <property name="maxInMemorySize" value="4096"/>

    </bean>
    <!-- 视图解析 -->
	<!--<bean class="org.springframework.web.servlet.mvc.annotation.AnnotationMethodHandlerAdapter" />-->
	<!--<bean class="org.springframework.web.servlet.mvc.method.annotation.RequestMappingHandlerAdapter" />-->

    <bean id="exceptionResolver" class="com.zc.util.ExceptionHandler"/>
    <!-- 启动Spring MVC的注解功能，完成请求和注解POJO的映射,解决@ResponseBody乱码问题, 需要在annotation-driven之前,否则乱码问题同样无法解决 -->
    <bean class="org.springframework.web.servlet.mvc.method.annotation.RequestMappingHandlerAdapter">
        <property name="messageConverters">
            <list>
                <bean id="stringHttpMessageConverter" class="org.springframework.http.converter.StringHttpMessageConverter">
                    <property name="writeAcceptCharset" value="false" /> <!--  用于避免响应头过大  -->
                    <property name="supportedMediaTypes">
                        <list>
                            <value>application/json;charset=UTF-8</value>
                        </list>
                    </property>
                </bean>
                <bean class="org.springframework.http.converter.json.MappingJackson2HttpMessageConverter">
                    <property name="supportedMediaTypes">
                        <list>
                            <value>application/json; charset=UTF-8</value>
                            <value>application/x-www-form-urlencoded; charset=UTF-8</value>
                        </list>
                    </property>
                </bean>
            </list>
        </property>
    </bean>



    <!-- 开启定时任务 -->
    <task:annotation-driven />
    <!--  注册处理器映射器/处理器适配器 ，添加conversion-service属性 -->
    <mvc:annotation-driven   />
    <context:component-scan base-package="com.zc"/>
    <!--<context:component-scan base-package="com.zc" use-default-filters="false">-->
        <!--&lt;!&ndash; 扫描符合@Controller  的类 &ndash;&gt;-->
        <!--<context:include-filter type="annotation" expression="org.springframework.stereotype.Controller" />-->
        <!--<context:exclude-filter type="annotation" expression="org.springframework.stereotype.Service" />-->
        <!--<context:exclude-filter type="annotation" expression="org.springframework.stereotype.Repository" />-->
        <!--<context:exclude-filter type="annotation" expression="org.springframework.stereotype.Component" />-->

    <!--</context:component-scan>-->
	<mvc:resources mapping="/static/**" location="/static/" cache-period="31556926"/>
</beans>